Top pages,Clicks,Impressions,CTR,Position
https://man-and-van-harrow.co.uk/,9,2772,0.32%,33.57
https://man-and-van-harrow.co.uk/moving-costs-harrow/,3,166,1.81%,22.57
https://man-and-van-harrow.co.uk/house-removals-harrow/,0,1476,0%,60.73
https://man-and-van-harrow.co.uk/man-and-van-harrow/,0,998,0%,62.03
https://man-and-van-harrow.co.uk/student-moves-harrow/,0,211,0%,54.95
https://man-and-van-harrow.co.uk/man-and-van-harrow-north-harrow/,0,16,0%,8.19
https://man-and-van-harrow.co.uk/man-and-van-harrow-south-harrow/,0,16,0%,8.19
https://man-and-van-harrow.co.uk/contact/,0,12,0%,7.67
https://man-and-van-harrow.co.uk/man-and-van-harrow-edgware/,0,4,0%,9.75
https://man-and-van-harrow.co.uk/man-and-van-harrow-greenford/,0,4,0%,9.75
https://man-and-van-harrow.co.uk/man-and-van-harrow-kenton/,0,4,0%,9.75
https://man-and-van-harrow.co.uk/man-and-van-harrow-on-the-hill/,0,4,0%,9.75
https://man-and-van-harrow.co.uk/man-and-van-harrow-west-harrow/,0,4,0%,9.75